iteration,individual,obj_0
0,0,2.166666666666667
0,1,2.166666666666667
0,2,2.166666666666667
0,3,2.166666666666667
0,4,2.166666666666667
0,5,2.166666666666667
0,6,2.166666666666667
0,7,2.166666666666667
0,8,2.166666666666667
0,9,2.166666666666667
0,10,2.166666666666667
0,11,2.166666666666667
0,12,2.166666666666667
0,13,2.166666666666667
0,14,2.166666666666667
0,15,2.166666666666667
0,16,2.166666666666667
0,17,2.166666666666667
0,18,2.166666666666667
0,19,2.166666666666667
